Megye;Median_Arbevétel_eFt
Vas;36196.502
Komárom-Esztergom;29102.534
Jász-Nagykun-Szolnok;24192.699500000002
Heves;20506.326
Borsod-Abaúj-Zemplén;18935.6765
Fejér;18458.791
Békés;18185.713
Szabolcs-Szatmár-Bereg;17795.311
Bács-Kiskun;16869.28
Zala;16675.4895
Hajdú-Bihar;15763.709
Pest;15641.407
Budapest;14111.359499999999
Veszprém;14099.904
Győr-Moson-Sopron;13955.924
Baranya;13223.77
Somogy;12815.94
Csongrád-Csanád;12517.442
Nógrád;8840.8945
Tolna;8478.3905
